Coal,0.5,5%,,9 coins
Block of Coal,5,5%,,81 coins
Enchanted Bread,12,5%,Wheat V,123 coins
Enchanted Coal,24,10%,Coal IV,1105.3 coins
Enchanted Charcoal,36,20%,Coal V,1861.2 coins
Solar Panel,Infinite,25%,Quartz IX,249790 coins
Enchanted Lava Bucket,Infinite,25%,Coal VIII,379947 coins
Magma Bucket,Infinite,30%,,
Plasma Bucket,Infinite,35%,,
Hamster Wheel,24,50%,Sven Packmaster drop,24038 coins
Foul Flesh,5,90%,Revenant Horror drop,24793 coins
Catalyst,3,x3 Production,Endstone IX,115168 coins
Hyper Catalyst,6,x4 Production,,136567 coins
